{
  "project_info": {
    "project_number": "117977949757",
    "firebase_url": "https://st-bmi-calculator.firebaseio.com",
    "project_id": "st-bmi-calculator",
    "storage_bucket": "st-bmi-calculator.appspot.com"
  },
  "client": [
    {
      "client_info": {
        "mobilesdk_app_id": "1:117977949757:android:0196e718405e6949",
        "android_client_info": {
          "package_name": "dayah.lee.bmi"
        }
      },
      "oauth_client": [
        {
          "client_id": "117977949757-92ulj1d82hosjgl7npghn3m7af5vsifh.apps.googleusercontent.com",
          "client_type": 1,
          "android_info": {
            "package_name": "dayah.lee.bmi",
            "certificate_hash": "c49396e64ecf66ee7509e29eec2c8b6821c60559"
          }
        },
        {
          "client_id": "117977949757-mdrvscssdcgc4trge4rkkpc7qq4fh9kp.apps.googleusercontent.com",
          "client_type": 3
        }
      ],
      "api_key": [
        {
          "current_key": "AIzaSyC22YGae2iCVo7KLjn9El1aNZM-U5r7Lw0"
        }
      ],
      "services": {
        "appinvite_service": {
          "other_platform_oauth_client": [
            {
              "client_id": "117977949757-mdrvscssdcgc4trge4rkkpc7qq4fh9kp.apps.googleusercontent.com",
              "client_type": 3
            }
          ]
        }
      },
      "admob_app_id": "ca-app-pub-9590005694444225~2169730208"
    }
  ],
  "configuration_version": "1"
}